flight_id,flight_no,actual_departure,actual_arrival,aircraft_code,departure_airport,arrival_airport,fare_conditions,total_seats,sum_amount,ticket_count,travel_time
136119,PG0252,2017-01-03T10:08:00Z,2017-01-03T11:49:00Z,733,AAQ,SVO,Business,12,402600.00,11,101.0
136119,PG0252,2017-01-03T10:08:00Z,2017-01-03T11:49:00Z,733,AAQ,SVO,Economy,118,1250400.00,102,101.0
136120,PG0252,2017-02-24T10:07:00Z,2017-02-24T11:46:00Z,733,AAQ,SVO,Business,12,402600.00,11,99.0
136120,PG0252,2017-02-24T10:07:00Z,2017-02-24T11:46:00Z,733,AAQ,SVO,Economy,118,1202800.00,98,99.0
136122,PG0252,2017-01-08T10:08:00Z,2017-01-08T11:48:00Z,733,AAQ,SVO,Business,12,366000.00,10,100.0
136122,PG0252,2017-01-08T10:08:00Z,2017-01-08T11:48:00Z,733,AAQ,SVO,Economy,118,1065000.00,87,100.0
136130,PG0252,2017-02-13T10:07:00Z,2017-02-13T11:46:00Z,733,AAQ,SVO,Business,12,366000.00,10,99.0
136130,PG0252,2017-02-13T10:07:00Z,2017-02-13T11:46:00Z,733,AAQ,SVO,Economy,118,1190600.00,97,99.0
136131,PG0252,2017-01-28T10:07:00Z,2017-01-28T11:46:00Z,733,AAQ,SVO,Business,12,439200.00,12,99.0
136131,PG0252,2017-01-28T10:07:00Z,2017-01-28T11:46:00Z,733,AAQ,SVO,Economy,118,1373600.00,112,99.0
136132,PG0252,2017-02-15T10:09:00Z,2017-02-15T11:48:00Z,733,AAQ,SVO,Business,12,439200.00,12,99.0
136132,PG0252,2017-02-15T10:09:00Z,2017-02-15T11:48:00Z,733,AAQ,SVO,Economy,118,1274800.00,104,99.0
136135,PG0252,2017-02-01T10:08:00Z,2017-02-01T11:48:00Z,733,AAQ,SVO,Business,12,402600.00,11,100.0
136135,PG0252,2017-02-01T10:08:00Z,2017-02-01T11:48:00Z,733,AAQ,SVO,Economy,118,1276000.00,104,100.0
136141,PG0252,2016-12-12T10:08:00Z,2016-12-12T11:50:00Z,733,AAQ,SVO,Business,12,402600.00,11,102.0
136141,PG0252,2016-12-12T10:08:00Z,2016-12-12T11:50:00Z,733,AAQ,SVO,Economy,118,1200400.00,98,102.0
136143,PG0252,2016-12-14T10:06:00Z,2016-12-14T11:46:00Z,733,AAQ,SVO,Business,12,402600.00,11,100.0
136143,PG0252,2016-12-14T10:06:00Z,2016-12-14T11:46:00Z,733,AAQ,SVO,Economy,118,1151600.00,94,100.0
136146,PG0252,2017-02-09T10:08:00Z,2017-02-09T11:48:00Z,733,AAQ,SVO,Business,12,402600.00,11,100.0
136146,PG0252,2017-02-09T10:08:00Z,2017-02-09T11:48:00Z,733,AAQ,SVO,Economy,118,1201600.00,98,100.0
136159,PG0252,2017-01-04T10:07:00Z,2017-01-04T11:45:00Z,733,AAQ,SVO,Business,12,439200.00,12,98.0
136159,PG0252,2017-01-04T10:07:00Z,2017-01-04T11:45:00Z,733,AAQ,SVO,Economy,118,1261400.00,103,98.0
136164,PG0252,2017-01-07T10:07:00Z,2017-01-07T11:46:00Z,733,AAQ,SVO,Business,12,402600.00,11,99.0
136164,PG0252,2017-01-07T10:07:00Z,2017-01-07T11:46:00Z,733,AAQ,SVO,Economy,118,1335800.00,109,99.0
136165,PG0252,2017-02-22T10:11:00Z,2017-02-22T11:52:00Z,733,AAQ,SVO,Business,12,329400.00,9,101.0
136165,PG0252,2017-02-22T10:11:00Z,2017-02-22T11:52:00Z,733,AAQ,SVO,Economy,118,1238200.00,101,101.0
136172,PG0252,2017-01-15T10:05:00Z,2017-01-15T11:44:00Z,733,AAQ,SVO,Business,12,402600.00,11,99.0
136172,PG0252,2017-01-15T10:05:00Z,2017-01-15T11:44:00Z,733,AAQ,SVO,Economy,118,1215000.00,99,99.0
136178,PG0252,2017-01-29T10:10:00Z,2017-01-29T11:49:00Z,733,AAQ,SVO,Business,12,329400.00,9,99.0
136178,PG0252,2017-01-29T10:10:00Z,2017-01-29T11:49:00Z,733,AAQ,SVO,Economy,118,1105200.00,90,99.0
136181,PG0252,2017-01-31T10:05:00Z,2017-01-31T11:44:00Z,733,AAQ,SVO,Business,12,366000.00,10,99.0
136181,PG0252,2017-01-31T10:05:00Z,2017-01-31T11:44:00Z,733,AAQ,SVO,Economy,118,1323600.00,108,99.0
136185,PG0252,2017-01-14T10:06:00Z,2017-01-14T11:49:00Z,733,AAQ,SVO,Business,12,366000.00,10,103.0
136185,PG0252,2017-01-14T10:06:00Z,2017-01-14T11:49:00Z,733,AAQ,SVO,Economy,118,1154000.00,94,103.0
136187,PG0252,2016-12-01T10:09:00Z,2016-12-01T11:49:00Z,733,AAQ,SVO,Business,12,439200.00,12,100.0
136187,PG0252,2016-12-01T10:09:00Z,2016-12-01T11:49:00Z,733,AAQ,SVO,Economy,118,1434600.00,117,100.0
136202,PG0252,2017-01-05T10:07:00Z,2017-01-05T11:49:00Z,733,AAQ,SVO,Business,12,402600.00,11,102.0
136202,PG0252,2017-01-05T10:07:00Z,2017-01-05T11:49:00Z,733,AAQ,SVO,Economy,118,1093000.00,89,102.0
136204,PG0252,2017-02-23T10:06:00Z,2017-02-23T11:46:00Z,733,AAQ,SVO,Business,12,219600.00,6,100.0
136204,PG0252,2017-02-23T10:06:00Z,2017-02-23T11:46:00Z,733,AAQ,SVO,Economy,118,1238200.00,101,100.0
136207,PG0252,2016-12-27T10:07:00Z,2016-12-27T11:48:00Z,733,AAQ,SVO,Business,12,329400.00,9,101.0
136207,PG0252,2016-12-27T10:07:00Z,2016-12-27T11:48:00Z,733,AAQ,SVO,Economy,118,1238200.00,101,101.0
136209,PG0252,2017-01-06T10:09:00Z,2017-01-06T11:49:00Z,733,AAQ,SVO,Business,12,366000.00,10,100.0
136209,PG0252,2017-01-06T10:09:00Z,2017-01-06T11:49:00Z,733,AAQ,SVO,Economy,118,1249200.00,102,100.0
136210,PG0252,2016-12-21T10:08:00Z,2016-12-21T11:48:00Z,733,AAQ,SVO,Business,12,402600.00,11,100.0
136210,PG0252,2016-12-21T10:08:00Z,2016-12-21T11:48:00Z,733,AAQ,SVO,Economy,118,1309000.00,107,100.0
136215,PG0252,2017-02-28T10:09:00Z,2017-02-28T11:49:00Z,733,AAQ,SVO,Business,12,402600.00,11,100.0
136215,PG0252,2017-02-28T10:09:00Z,2017-02-28T11:49:00Z,733,AAQ,SVO,Economy,118,1261400.00,103,100.0
136223,PG0252,2016-12-13T10:06:00Z,2016-12-13T11:47:00Z,733,AAQ,SVO,Business,12,402600.00,11,101.0
136223,PG0252,2016-12-13T10:06:00Z,2016-12-13T11:47:00Z,733,AAQ,SVO,Economy,118,1349200.00,110,101.0
136226,PG0252,2017-01-30T10:08:00Z,2017-01-30T11:48:00Z,733,AAQ,SVO,Business,12,439200.00,12,100.0
136226,PG0252,2017-01-30T10:08:00Z,2017-01-30T11:48:00Z,733,AAQ,SVO,Economy,118,1446800.00,118,100.0
136244,PG0252,2016-12-22T10:08:00Z,2016-12-22T11:47:00Z,733,AAQ,SVO,Business,12,402600.00,11,99.0
136244,PG0252,2016-12-22T10:08:00Z,2016-12-22T11:47:00Z,733,AAQ,SVO,Economy,118,1300400.00,106,99.0
136249,PG0252,2017-02-14T10:08:00Z,2017-02-14T11:46:00Z,733,AAQ,SVO,Business,12,439200.00,12,98.0
136249,PG0252,2017-02-14T10:08:00Z,2017-02-14T11:46:00Z,733,AAQ,SVO,Economy,118,1361400.00,111,98.0
136250,PG0252,2017-02-08T10:06:00Z,2017-02-08T11:47:00Z,733,AAQ,SVO,Business,12,292800.00,8,101.0
136250,PG0252,2017-02-08T10:06:00Z,2017-02-08T11:47:00Z,733,AAQ,SVO,Economy,118,1115000.00,91,101.0
136252,PG0252,2016-12-20T10:05:00Z,2016-12-20T11:46:00Z,733,AAQ,SVO,Business,12,402600.00,11,101.0
136252,PG0252,2016-12-20T10:05:00Z,2016-12-20T11:46:00Z,733,AAQ,SVO,Economy,118,1115000.00,91,101.0
136253,PG0252,2016-12-24T10:08:00Z,2016-12-24T11:46:00Z,733,AAQ,SVO,Business,12,402600.00,11,98.0
136253,PG0252,2016-12-24T10:08:00Z,2016-12-24T11:46:00Z,733,AAQ,SVO,Economy,118,1005200.00,82,98.0
136257,PG0252,2016-12-18T10:09:00Z,2016-12-18T11:49:00Z,733,AAQ,SVO,Business,12,402600.00,11,100.0
136257,PG0252,2016-12-18T10:09:00Z,2016-12-18T11:49:00Z,733,AAQ,SVO,Economy,118,1226000.00,100,100.0
136262,PG0252,2016-12-28T10:10:00Z,2016-12-28T11:49:00Z,733,AAQ,SVO,Business,12,439200.00,12,99.0
136262,PG0252,2016-12-28T10:10:00Z,2016-12-28T11:49:00Z,733,AAQ,SVO,Economy,118,1422400.00,116,99.0
136264,PG0252,2017-02-18T10:07:00Z,2017-02-18T11:47:00Z,733,AAQ,SVO,Business,12,402600.00,11,100.0
136264,PG0252,2017-02-18T10:07:00Z,2017-02-18T11:47:00Z,733,AAQ,SVO,Economy,118,1288200.00,105,100.0
136266,PG0252,2017-02-27T10:08:00Z,2017-02-27T11:48:00Z,733,AAQ,SVO,Business,12,366000.00,10,100.0
136266,PG0252,2017-02-27T10:08:00Z,2017-02-27T11:48:00Z,733,AAQ,SVO,Economy,118,1200400.00,98,100.0
136268,PG0252,2017-02-16T10:08:00Z,2017-02-16T11:49:00Z,733,AAQ,SVO,Business,12,402600.00,11,101.0
136268,PG0252,2017-02-16T10:08:00Z,2017-02-16T11:49:00Z,733,AAQ,SVO,Economy,118,1273600.00,104,101.0
136269,PG0252,2017-02-11T10:13:00Z,2017-02-11T11:53:00Z,733,AAQ,SVO,Business,12,402600.00,11,100.0
136269,PG0252,2017-02-11T10:13:00Z,2017-02-11T11:53:00Z,733,AAQ,SVO,Economy,118,1202800.00,98,100.0
136270,PG0252,2017-02-12T10:12:00Z,2017-02-12T11:51:00Z,733,AAQ,SVO,Business,12,402600.00,11,99.0
136270,PG0252,2017-02-12T10:12:00Z,2017-02-12T11:51:00Z,733,AAQ,SVO,Economy,118,1226000.00,100,99.0
136273,PG0252,2016-12-09T10:06:00Z,2016-12-09T11:45:00Z,733,AAQ,SVO,Business,12,439200.00,12,99.0
136273,PG0252,2016-12-09T10:06:00Z,2016-12-09T11:45:00Z,733,AAQ,SVO,Economy,118,1434600.00,117,99.0
136275,PG0252,2017-01-13T10:08:00Z,2017-01-13T11:46:00Z,733,AAQ,SVO,Business,12,439200.00,12,98.0
136275,PG0252,2017-01-13T10:08:00Z,2017-01-13T11:46:00Z,733,AAQ,SVO,Economy,118,1385800.00,113,98.0
136282,PG0252,2017-01-16T10:07:00Z,2017-01-16T11:48:00Z,733,AAQ,SVO,Business,12,329400.00,9,101.0
136282,PG0252,2017-01-16T10:07:00Z,2017-01-16T11:48:00Z,733,AAQ,SVO,Economy,118,1189400.00,97,101.0
136284,PG0252,2017-02-07T10:07:00Z,2017-02-07T11:48:00Z,733,AAQ,SVO,Business,12,366000.00,10,101.0
136284,PG0252,2017-02-07T10:07:00Z,2017-02-07T11:48:00Z,733,AAQ,SVO,Economy,118,1311400.00,107,101.0
136293,PG0252,2017-01-23T10:09:00Z,2017-01-23T11:48:00Z,733,AAQ,SVO,Business,12,439200.00,12,99.0
136293,PG0252,2017-01-23T10:09:00Z,2017-01-23T11:48:00Z,733,AAQ,SVO,Economy,118,1250400.00,102,99.0
136296,PG0252,2016-12-29T10:07:00Z,2016-12-29T11:46:00Z,733,AAQ,SVO,Business,12,366000.00,10,99.0
136296,PG0252,2016-12-29T10:07:00Z,2016-12-29T11:46:00Z,733,AAQ,SVO,Economy,118,1312600.00,107,99.0
136306,PG0252,2016-12-04T10:10:00Z,2016-12-04T11:50:00Z,733,AAQ,SVO,Business,12,292800.00,8,100.0
136306,PG0252,2016-12-04T10:10:00Z,2016-12-04T11:50:00Z,733,AAQ,SVO,Economy,118,1150400.00,94,100.0
136310,PG0252,2017-01-22T10:07:00Z,2017-01-22T11:47:00Z,733,AAQ,SVO,Business,12,329400.00,9,100.0
136310,PG0252,2017-01-22T10:07:00Z,2017-01-22T11:47:00Z,733,AAQ,SVO,Economy,118,1324800.00,108,100.0
136316,PG0252,2017-01-12T10:07:00Z,2017-01-12T11:47:00Z,733,AAQ,SVO,Business,12,439200.00,12,100.0
136316,PG0252,2017-01-12T10:07:00Z,2017-01-12T11:47:00Z,733,AAQ,SVO,Economy,118,1446800.00,118,100.0
136318,PG0252,2016-12-17T10:07:00Z,2016-12-17T11:49:00Z,733,AAQ,SVO,Business,12,402600.00,11,102.0
136318,PG0252,2016-12-17T10:07:00Z,2016-12-17T11:49:00Z,733,AAQ,SVO,Economy,118,1141800.00,93,102.0
136320,PG0252,2017-02-19T10:05:00Z,2017-02-19T11:45:00Z,733,AAQ,SVO,Business,12,366000.00,10,100.0
136320,PG0252,2017-02-19T10:05:00Z,2017-02-19T11:45:00Z,733,AAQ,SVO,Economy,118,1178400.00,96,100.0
136322,PG0252,2017-02-06T10:11:00Z,2017-02-06T11:52:00Z,733,AAQ,SVO,Business,12,366000.00,10,101.0
136322,PG0252,2017-02-06T10:11:00Z,2017-02-06T11:52:00Z,733,AAQ,SVO,Economy,118,1201600.00,98,101.0
136324,PG0252,2016-12-05T10:09:00Z,2016-12-05T11:50:00Z,733,AAQ,SVO,Business,12,329400.00,9,101.0
136324,PG0252,2016-12-05T10:09:00Z,2016-12-05T11:50:00Z,733,AAQ,SVO,Economy,118,1337000.00,109,101.0
136327,PG0252,2016-12-30T10:12:00Z,2016-12-30T11:52:00Z,733,AAQ,SVO,Business,12,329400.00,9,100.0
136327,PG0252,2016-12-30T10:12:00Z,2016-12-30T11:52:00Z,733,AAQ,SVO,Economy,118,1213800.00,99,100.0
136338,PG0252,2016-12-19T10:06:00Z,2016-12-19T11:46:00Z,733,AAQ,SVO,Business,12,439200.00,12,100.0
136338,PG0252,2016-12-19T10:06:00Z,2016-12-19T11:46:00Z,733,AAQ,SVO,Economy,118,1422400.00,116,100.0
136345,PG0252,2017-01-24T13:32:00Z,2017-01-24T15:12:00Z,733,AAQ,SVO,Business,12,292800.00,8,100.0
136345,PG0252,2017-01-24T13:32:00Z,2017-01-24T15:12:00Z,733,AAQ,SVO,Economy,118,1224800.00,100,100.0
136348,PG0252,2017-02-10T10:05:00Z,2017-02-10T11:45:00Z,733,AAQ,SVO,Business,12,439200.00,12,100.0
136348,PG0252,2017-02-10T10:05:00Z,2017-02-10T11:45:00Z,733,AAQ,SVO,Economy,118,1323600.00,108,100.0
136351,PG0252,2017-02-26T10:13:00Z,2017-02-26T11:53:00Z,733,AAQ,SVO,Business,12,402600.00,11,100.0
136351,PG0252,2017-02-26T10:13:00Z,2017-02-26T11:53:00Z,733,AAQ,SVO,Economy,118,1152800.00,94,100.0
136352,PG0252,2016-12-10T10:10:00Z,2016-12-10T11:50:00Z,733,AAQ,SVO,Business,12,366000.00,10,100.0
136352,PG0252,2016-12-10T10:10:00Z,2016-12-10T11:50:00Z,733,AAQ,SVO,Economy,118,1006400.00,82,100.0
136360,PG0252,2017-02-05T10:08:00Z,2017-02-05T11:48:00Z,733,AAQ,SVO,Business,12,402600.00,11,100.0
136360,PG0252,2017-02-05T10:08:00Z,2017-02-05T11:48:00Z,733,AAQ,SVO,Economy,118,1052800.00,86,100.0
136366,PG0252,2017-01-11T10:08:00Z,2017-01-11T11:47:00Z,733,AAQ,SVO,Business,12,402600.00,11,99.0
136366,PG0252,2017-01-11T10:08:00Z,2017-01-11T11:47:00Z,733,AAQ,SVO,Economy,118,1124800.00,92,99.0
136368,PG0252,2016-12-31T10:07:00Z,2016-12-31T11:47:00Z,733,AAQ,SVO,Business,12,439200.00,12,100.0
136368,PG0252,2016-12-31T10:07:00Z,2016-12-31T11:47:00Z,733,AAQ,SVO,Economy,118,1446800.00,118,100.0
136383,PG0252,2017-01-25T10:09:00Z,2017-01-25T11:51:00Z,733,AAQ,SVO,Business,12,292800.00,8,102.0
136383,PG0252,2017-01-25T10:09:00Z,2017-01-25T11:51:00Z,733,AAQ,SVO,Economy,118,1200400.00,98,102.0
136385,PG0252,2016-12-16T10:10:00Z,2016-12-16T11:50:00Z,733,AAQ,SVO,Business,12,439200.00,12,100.0
136385,PG0252,2016-12-16T10:10:00Z,2016-12-16T11:50:00Z,733,AAQ,SVO,Economy,118,1422400.00,116,100.0
136387,PG0252,2017-01-19T10:08:00Z,2017-01-19T11:47:00Z,733,AAQ,SVO,Business,12,439200.00,12,99.0
136387,PG0252,2017-01-19T10:08:00Z,2017-01-19T11:47:00Z,733,AAQ,SVO,Economy,118,1335800.00,109,99.0
136389,PG0252,2017-01-18T10:10:00Z,2017-01-18T11:50:00Z,733,AAQ,SVO,Business,12,439200.00,12,100.0
136389,PG0252,2017-01-18T10:10:00Z,2017-01-18T11:50:00Z,733,AAQ,SVO,Economy,118,1434600.00,117,100.0
136390,PG0252,2016-12-26T10:06:00Z,2016-12-26T11:47:00Z,733,AAQ,SVO,Business,12,439200.00,12,101.0
136390,PG0252,2016-12-26T10:06:00Z,2016-12-26T11:47:00Z,733,AAQ,SVO,Economy,118,1384600.00,113,101.0
136391,PG0252,2016-12-03T10:08:00Z,2016-12-03T11:48:00Z,733,AAQ,SVO,Business,12,366000.00,10,100.0
136391,PG0252,2016-12-03T10:08:00Z,2016-12-03T11:48:00Z,733,AAQ,SVO,Economy,118,1190600.00,97,100.0
136397,PG0252,2016-12-25T10:06:00Z,2016-12-25T11:47:00Z,733,AAQ,SVO,Business,12,256200.00,7,101.0
136397,PG0252,2016-12-25T10:06:00Z,2016-12-25T11:47:00Z,733,AAQ,SVO,Economy,118,1188200.00,97,101.0
136403,PG0252,2017-02-20T10:06:00Z,2017-02-20T11:46:00Z,733,AAQ,SVO,Business,12,439200.00,12,100.0
136403,PG0252,2017-02-20T10:06:00Z,2017-02-20T11:46:00Z,733,AAQ,SVO,Economy,118,1434600.00,117,100.0
136411,PG0252,2017-02-04T10:06:00Z,2017-02-04T11:46:00Z,733,AAQ,SVO,Business,12,366000.00,10,100.0
136411,PG0252,2017-02-04T10:06:00Z,2017-02-04T11:46:00Z,733,AAQ,SVO,Economy,118,1224800.00,100,100.0
136418,PG0252,2016-12-07T10:07:00Z,2016-12-07T11:47:00Z,733,AAQ,SVO,Business,12,329400.00,9,100.0
136418,PG0252,2016-12-07T10:07:00Z,2016-12-07T11:47:00Z,733,AAQ,SVO,Economy,118,1078400.00,88,100.0
136420,PG0252,2017-01-01T10:09:00Z,2017-01-01T11:47:00Z,733,AAQ,SVO,Business,12,402600.00,11,98.0
136420,PG0252,2017-01-01T10:09:00Z,2017-01-01T11:47:00Z,733,AAQ,SVO,Economy,118,1139400.00,93,98.0
136423,PG0252,2017-01-10T10:12:00Z,2017-01-10T11:52:00Z,733,AAQ,SVO,Business,12,402600.00,11,100.0
136423,PG0252,2017-01-10T10:12:00Z,2017-01-10T11:52:00Z,733,AAQ,SVO,Economy,118,1446800.00,118,100.0
136428,PG0252,2017-01-21T10:08:00Z,2017-01-21T11:47:00Z,733,AAQ,SVO,Business,12,402600.00,11,99.0
136428,PG0252,2017-01-21T10:08:00Z,2017-01-21T11:47:00Z,733,AAQ,SVO,Economy,118,1276000.00,104,99.0
136436,PG0252,2017-01-26T10:08:00Z,2017-01-26T11:47:00Z,733,AAQ,SVO,Business,12,439200.00,12,99.0
136436,PG0252,2017-01-26T10:08:00Z,2017-01-26T11:47:00Z,733,AAQ,SVO,Economy,118,1372400.00,112,99.0
136439,PG0252,2017-02-25T10:08:00Z,2017-02-25T11:48:00Z,733,AAQ,SVO,Business,12,402600.00,11,100.0
136439,PG0252,2017-02-25T10:08:00Z,2017-02-25T11:48:00Z,733,AAQ,SVO,Economy,118,1299200.00,106,100.0
136441,PG0252,2017-02-03T10:07:00Z,2017-02-03T11:47:00Z,733,AAQ,SVO,Business,12,402600.00,11,100.0
136441,PG0252,2017-02-03T10:07:00Z,2017-02-03T11:47:00Z,733,AAQ,SVO,Economy,118,1434600.00,117,100.0
136447,PG0252,2016-12-11T10:07:00Z,2016-12-11T11:47:00Z,733,AAQ,SVO,Business,12,329400.00,9,100.0
136447,PG0252,2016-12-11T10:07:00Z,2016-12-11T11:47:00Z,733,AAQ,SVO,Economy,118,1312600.00,107,100.0
136450,PG0252,2016-12-06T10:06:00Z,2016-12-06T11:48:00Z,733,AAQ,SVO,Business,12,366000.00,10,102.0
136450,PG0252,2016-12-06T10:06:00Z,2016-12-06T11:48:00Z,733,AAQ,SVO,Economy,118,1188200.00,97,102.0
136452,PG0252,2017-02-17T10:08:00Z,2017-02-17T11:48:00Z,733,AAQ,SVO,Business,12,402600.00,11,100.0
136452,PG0252,2017-02-17T10:08:00Z,2017-02-17T11:48:00Z,733,AAQ,SVO,Economy,118,1200400.00,98,100.0
136458,PG0252,2017-01-02T10:07:00Z,2017-01-02T11:46:00Z,733,AAQ,SVO,Business,12,329400.00,9,99.0
136458,PG0252,2017-01-02T10:07:00Z,2017-01-02T11:46:00Z,733,AAQ,SVO,Economy,118,1239400.00,101,99.0
136463,PG0252,2017-01-20T10:06:00Z,2017-01-20T11:45:00Z,733,AAQ,SVO,Business,12,439200.00,12,99.0
136463,PG0252,2017-01-20T10:06:00Z,2017-01-20T11:45:00Z,733,AAQ,SVO,Economy,118,1349200.00,110,99.0
136464,PG0252,2017-01-09T10:07:00Z,2017-01-09T11:47:00Z,733,AAQ,SVO,Business,12,256200.00,7,100.0
136464,PG0252,2017-01-09T10:07:00Z,2017-01-09T11:47:00Z,733,AAQ,SVO,Economy,118,1141800.00,93,100.0
136465,PG0252,2016-12-15T10:05:00Z,2016-12-15T11:47:00Z,733,AAQ,SVO,Business,12,439200.00,12,102.0
136465,PG0252,2016-12-15T10:05:00Z,2016-12-15T11:47:00Z,733,AAQ,SVO,Economy,118,1446800.00,118,102.0
136471,PG0252,2017-01-17T10:11:00Z,2017-01-17T11:51:00Z,733,AAQ,SVO,Business,12,439200.00,12,100.0
136471,PG0252,2017-01-17T10:11:00Z,2017-01-17T11:51:00Z,733,AAQ,SVO,Economy,118,1323600.00,108,100.0
136474,PG0252,2016-12-02T10:06:00Z,2016-12-02T11:44:00Z,733,AAQ,SVO,Business,12,439200.00,12,98.0
136474,PG0252,2016-12-02T10:06:00Z,2016-12-02T11:44:00Z,733,AAQ,SVO,Economy,118,1446800.00,118,98.0
136479,PG0252,2017-02-21T10:08:00Z,2017-02-21T11:47:00Z,733,AAQ,SVO,Business,12,366000.00,10,99.0
136479,PG0252,2017-02-21T10:08:00Z,2017-02-21T11:47:00Z,733,AAQ,SVO,Economy,118,1372400.00,112,99.0
136485,PG0252,2017-01-27T10:07:00Z,2017-01-27T11:47:00Z,733,AAQ,SVO,Business,12,329400.00,9,100.0
136485,PG0252,2017-01-27T10:07:00Z,2017-01-27T11:47:00Z,733,AAQ,SVO,Economy,118,1190600.00,97,100.0
136486,PG0252,2017-02-02T10:07:00Z,2017-02-02T11:48:00Z,733,AAQ,SVO,Business,12,292800.00,8,101.0
136486,PG0252,2017-02-02T10:07:00Z,2017-02-02T11:48:00Z,733,AAQ,SVO,Economy,118,1212600.00,99,101.0
136491,PG0252,2016-12-08T10:08:00Z,2016-12-08T11:49:00Z,733,AAQ,SVO,Business,12,366000.00,10,101.0
136491,PG0252,2016-12-08T10:08:00Z,2016-12-08T11:49:00Z,733,AAQ,SVO,Economy,118,1139400.00,93,101.0
136492,PG0252,2016-12-23T10:08:00Z,2016-12-23T11:48:00Z,733,AAQ,SVO,Business,12,366000.00,10,100.0
136492,PG0252,2016-12-23T10:08:00Z,2016-12-23T11:48:00Z,733,AAQ,SVO,Economy,118,1324800.00,108,100.0
136571,PG0480,2017-01-25T09:28:00Z,2017-01-25T10:18:00Z,SU9,AAQ,EGO,Business,12,226800.00,12,50.0
136571,PG0480,2017-01-25T09:28:00Z,2017-01-25T10:18:00Z,SU9,AAQ,EGO,Economy,85,525900.00,83,50.0
136586,PG0480,2017-01-10T09:28:00Z,2017-01-10T10:18:00Z,SU9,AAQ,EGO,Business,12,226800.00,12,50.0
136586,PG0480,2017-01-10T09:28:00Z,2017-01-10T10:18:00Z,SU9,AAQ,EGO,Economy,85,532200.00,84,50.0
136592,PG0480,2016-12-25T09:28:00Z,2016-12-25T10:18:00Z,SU9,AAQ,EGO,Business,12,170100.00,9,50.0
136592,PG0480,2016-12-25T09:28:00Z,2016-12-25T10:18:00Z,SU9,AAQ,EGO,Economy,85,507000.00,80,50.0
136600,PG0480,2017-02-08T09:26:00Z,2017-02-08T10:16:00Z,SU9,AAQ,EGO,Business,12,226800.00,12,50.0
136600,PG0480,2017-02-08T09:26:00Z,2017-02-08T10:16:00Z,SU9,AAQ,EGO,Economy,85,538500.00,85,50.0
136605,PG0480,2017-02-15T09:28:00Z,2017-02-15T10:19:00Z,SU9,AAQ,EGO,Business,12,226800.00,12,51.0
136605,PG0480,2017-02-15T09:28:00Z,2017-02-15T10:19:00Z,SU9,AAQ,EGO,Economy,85,538500.00,85,51.0
136609,PG0480,2017-01-08T09:28:00Z,2017-01-08T10:18:00Z,SU9,AAQ,EGO,Business,12,189000.00,10,50.0
136609,PG0480,2017-01-08T09:28:00Z,2017-01-08T10:18:00Z,SU9,AAQ,EGO,Economy,85,450300.00,71,50.0
136612,PG0480,2017-02-21T09:27:00Z,2017-02-21T10:17:00Z,SU9,AAQ,EGO,Business,12,226800.00,12,50.0
136612,PG0480,2017-02-21T09:27:00Z,2017-02-21T10:17:00Z,SU9,AAQ,EGO,Economy,85,519600.00,82,50.0
136617,PG0480,2016-12-27T09:26:00Z,2016-12-27T10:16:00Z,SU9,AAQ,EGO,Business,12,226800.00,12,50.0
136617,PG0480,2016-12-27T09:26:00Z,2016-12-27T10:16:00Z,SU9,AAQ,EGO,Economy,85,538500.00,85,50.0
136620,PG0480,2017-02-17T09:30:00Z,2017-02-17T10:19:00Z,SU9,AAQ,EGO,Business,12,170100.00,9,49.0
136620,PG0480,2017-02-17T09:30:00Z,2017-02-17T10:19:00Z,SU9,AAQ,EGO,Economy,85,443400.00,70,49.0
136630,PG0480,2017-02-25T09:32:00Z,2017-02-25T10:22:00Z,SU9,AAQ,EGO,Business,12,226800.00,12,50.0
136630,PG0480,2017-02-25T09:32:00Z,2017-02-25T10:22:00Z,SU9,AAQ,EGO,Economy,85,519600.00,82,50.0
136631,PG0480,2016-12-22T09:26:00Z,2016-12-22T10:16:00Z,SU9,AAQ,EGO,Business,12,226800.00,12,50.0
136631,PG0480,2016-12-22T09:26:00Z,2016-12-22T10:16:00Z,SU9,AAQ,EGO,Economy,85,494400.00,78,50.0
136632,PG0480,2017-01-07T12:42:00Z,2017-01-07T13:33:00Z,SU9,AAQ,EGO,Business,12,207900.00,11,51.0
136632,PG0480,2017-01-07T12:42:00Z,2017-01-07T13:33:00Z,SU9,AAQ,EGO,Economy,85,506400.00,80,51.0
136642,PG0480,2017-01-30T09:28:00Z,2017-01-30T10:17:00Z,SU9,AAQ,EGO,Business,12,189000.00,10,49.0
136642,PG0480,2017-01-30T09:28:00Z,2017-01-30T10:17:00Z,SU9,AAQ,EGO,Economy,85,342000.00,54,49.0
136645,PG0480,2017-01-05T09:29:00Z,2017-01-05T10:20:00Z,SU9,AAQ,EGO,Business,12,170100.00,9,51.0
136645,PG0480,2017-01-05T09:29:00Z,2017-01-05T10:20:00Z,SU9,AAQ,EGO,Economy,85,462900.00,73,51.0
136649,PG0480,2017-01-18T09:25:00Z,2017-01-18T10:15:00Z,SU9,AAQ,EGO,Business,12,226800.00,12,50.0
136649,PG0480,2017-01-18T09:25:00Z,2017-01-18T10:15:00Z,SU9,AAQ,EGO,Economy,85,532200.00,84,50.0
136653,PG0480,2016-12-24T09:27:00Z,2016-12-24T10:17:00Z,SU9,AAQ,EGO,Business,12,207900.00,11,50.0
136653,PG0480,2016-12-24T09:27:00Z,2016-12-24T10:17:00Z,SU9,AAQ,EGO,Economy,85,493800.00,78,50.0
136654,PG0480,2017-01-19T09:28:00Z,2017-01-19T10:17:00Z,SU9,AAQ,EGO,Business,12,226800.00,12,49.0
136654,PG0480,2017-01-19T09:28:00Z,2017-01-19T10:17:00Z,SU9,AAQ,EGO,Economy,85,532200.00,84,49.0
136660,PG0480,2017-02-20T09:26:00Z,2017-02-20T10:15:00Z,SU9,AAQ,EGO,Business,12,189000.00,10,49.0
136660,PG0480,2017-02-20T09:26:00Z,2017-02-20T10:15:00Z,SU9,AAQ,EGO,Economy,85,488100.00,77,49.0
136661,PG0480,2017-01-01T09:27:00Z,2017-01-01T10:17:00Z,SU9,AAQ,EGO,Business,12,226800.00,12,50.0
136661,PG0480,2017-01-01T09:27:00Z,2017-01-01T10:17:00Z,SU9,AAQ,EGO,Economy,85,532200.00,84,50.0
136666,PG0480,2017-02-09T09:26:00Z,2017-02-09T10:16:00Z,SU9,AAQ,EGO,Business,12,170100.00,9,50.0
136666,PG0480,2017-02-09T09:26:00Z,2017-02-09T10:16:00Z,SU9,AAQ,EGO,Economy,85,494400.00,78,50.0
136669,PG0480,2017-01-17T09:26:00Z,2017-01-17T10:17:00Z,SU9,AAQ,EGO,Business,12,226800.00,12,51.0
136669,PG0480,2017-01-17T09:26:00Z,2017-01-17T10:17:00Z,SU9,AAQ,EGO,Economy,85,525900.00,83,51.0
136672,PG0480,2017-02-03T09:28:00Z,2017-02-03T10:18:00Z,SU9,AAQ,EGO,Business,12,226800.00,12,50.0
136672,PG0480,2017-02-03T09:28:00Z,2017-02-03T10:18:00Z,SU9,AAQ,EGO,Economy,85,532200.00,84,50.0
136678,PG0480,2017-01-28T09:27:00Z,2017-01-28T10:17:00Z,SU9,AAQ,EGO,Business,12,189000.00,10,50.0
136678,PG0480,2017-01-28T09:27:00Z,2017-01-28T10:17:00Z,SU9,AAQ,EGO,Economy,85,442200.00,70,50.0
136680,PG0480,2016-12-26T09:34:00Z,2016-12-26T10:24:00Z,SU9,AAQ,EGO,Business,12,226800.00,12,50.0
136680,PG0480,2016-12-26T09:34:00Z,2016-12-26T10:24:00Z,SU9,AAQ,EGO,Economy,85,507000.00,80,50.0
136688,PG0480,2016-12-15T09:30:00Z,2016-12-15T10:20:00Z,SU9,AAQ,EGO,Business,12,189000.00,10,50.0
136688,PG0480,2016-12-15T09:30:00Z,2016-12-15T10:20:00Z,SU9,AAQ,EGO,Economy,85,500700.00,79,50.0
136691,PG0480,2016-12-13T09:25:00Z,2016-12-13T10:14:00Z,SU9,AAQ,EGO,Business,12,207900.00,11,49.0
136691,PG0480,2016-12-13T09:25:00Z,2016-12-13T10:14:00Z,SU9,AAQ,EGO,Economy,85,481800.00,76,49.0
136698,PG0480,2016-12-01T09:30:00Z,2016-12-01T10:19:00Z,SU9,AAQ,EGO,Business,12,226800.00,12,49.0
136698,PG0480,2016-12-01T09:30:00Z,2016-12-01T10:19:00Z,SU9,AAQ,EGO,Economy,85,519600.00,82,49.0
136702,PG0480,2016-12-23T09:26:00Z,2016-12-23T10:16:00Z,SU9,AAQ,EGO,Business,12,207900.00,11,50.0
136702,PG0480,2016-12-23T09:26:00Z,2016-12-23T10:16:00Z,SU9,AAQ,EGO,Economy,85,462900.00,73,50.0
136706,PG0480,2017-01-06T09:30:00Z,2017-01-06T10:20:00Z,SU9,AAQ,EGO,Business,12,207900.00,11,50.0
136706,PG0480,2017-01-06T09:30:00Z,2017-01-06T10:20:00Z,SU9,AAQ,EGO,Economy,85,532200.00,84,50.0
136709,PG0480,2017-01-15T09:28:00Z,2017-01-15T10:18:00Z,SU9,AAQ,EGO,Business,12,207900.00,11,50.0
136709,PG0480,2017-01-15T09:28:00Z,2017-01-15T10:18:00Z,SU9,AAQ,EGO,Economy,85,481800.00,76,50.0
136720,PG0480,2017-01-26T09:29:00Z,2017-01-26T10:19:00Z,SU9,AAQ,EGO,Business,12,226800.00,12,50.0
136720,PG0480,2017-01-26T09:29:00Z,2017-01-26T10:19:00Z,SU9,AAQ,EGO,Economy,85,525900.00,83,50.0
136725,PG0480,2016-12-19T09:30:00Z,2016-12-19T10:19:00Z,SU9,AAQ,EGO,Business,12,170100.00,9,49.0
136725,PG0480,2016-12-19T09:30:00Z,2016-12-19T10:19:00Z,SU9,AAQ,EGO,Economy,85,525900.00,83,49.0
136729,PG0480,2017-01-29T09:29:00Z,2017-01-29T10:19:00Z,SU9,AAQ,EGO,Business,12,207900.00,11,50.0
136729,PG0480,2017-01-29T09:29:00Z,2017-01-29T10:19:00Z,SU9,AAQ,EGO,Economy,85,487500.00,77,50.0
136733,PG0480,2017-01-09T09:27:00Z,2017-01-09T10:18:00Z,SU9,AAQ,EGO,Business,12,226800.00,12,51.0
136733,PG0480,2017-01-09T09:27:00Z,2017-01-09T10:18:00Z,SU9,AAQ,EGO,Economy,85,519600.00,82,51.0
136738,PG0480,2016-12-20T09:27:00Z,2016-12-20T10:16:00Z,SU9,AAQ,EGO,Business,12,207900.00,11,49.0
136738,PG0480,2016-12-20T09:27:00Z,2016-12-20T10:16:00Z,SU9,AAQ,EGO,Economy,85,481800.00,76,49.0
136742,PG0480,2016-12-18T09:27:00Z,2016-12-18T10:17:00Z,SU9,AAQ,EGO,Business,12,226800.00,12,50.0
136742,PG0480,2016-12-18T09:27:00Z,2016-12-18T10:17:00Z,SU9,AAQ,EGO,Economy,85,538500.00,85,50.0
136754,PG0480,2017-02-06T09:29:00Z,2017-02-06T10:18:00Z,SU9,AAQ,EGO,Business,12,226800.00,12,49.0
136754,PG0480,2017-02-06T09:29:00Z,2017-02-06T10:18:00Z,SU9,AAQ,EGO,Economy,85,494400.00,78,49.0
136755,PG0480,2017-01-21T09:30:00Z,2017-01-21T10:20:00Z,SU9,AAQ,EGO,Business,12,226800.00,12,50.0
136755,PG0480,2017-01-21T09:30:00Z,2017-01-21T10:20:00Z,SU9,AAQ,EGO,Economy,85,538500.00,85,50.0
136757,PG0480,2017-01-27T09:30:00Z,2017-01-27T10:19:00Z,SU9,AAQ,EGO,Business,12,226800.00,12,49.0
136757,PG0480,2017-01-27T09:30:00Z,2017-01-27T10:19:00Z,SU9,AAQ,EGO,Economy,85,538500.00,85,49.0
136758,PG0480,2017-01-12T09:26:00Z,2017-01-12T10:15:00Z,SU9,AAQ,EGO,Business,12,226800.00,12,49.0
136758,PG0480,2017-01-12T09:26:00Z,2017-01-12T10:15:00Z,SU9,AAQ,EGO,Economy,85,538500.00,85,49.0
136767,PG0480,2017-01-23T09:27:00Z,2017-01-23T10:18:00Z,SU9,AAQ,EGO,Business,12,189000.00,10,51.0
136767,PG0480,2017-01-23T09:27:00Z,2017-01-23T10:18:00Z,SU9,AAQ,EGO,Economy,85,462300.00,73,51.0
136768,PG0480,2016-12-08T09:27:00Z,2016-12-08T10:17:00Z,SU9,AAQ,EGO,Business,12,226800.00,12,50.0
136768,PG0480,2016-12-08T09:27:00Z,2016-12-08T10:17:00Z,SU9,AAQ,EGO,Economy,85,538500.00,85,50.0
136769,PG0480,2017-02-10T09:30:00Z,2017-02-10T10:21:00Z,SU9,AAQ,EGO,Business,12,207900.00,11,51.0
136769,PG0480,2017-02-10T09:30:00Z,2017-02-10T10:21:00Z,SU9,AAQ,EGO,Economy,85,488100.00,77,51.0
136771,PG0480,2016-12-17T09:26:00Z,2016-12-17T10:15:00Z,SU9,AAQ,EGO,Business,12,207900.00,11,49.0
136771,PG0480,2016-12-17T09:26:00Z,2016-12-17T10:15:00Z,SU9,AAQ,EGO,Economy,85,449100.00,71,49.0
136774,PG0480,2016-12-02T09:27:00Z,2016-12-02T10:17:00Z,SU9,AAQ,EGO,Business,12,226800.00,12,50.0
136774,PG0480,2016-12-02T09:27:00Z,2016-12-02T10:17:00Z,SU9,AAQ,EGO,Economy,85,513300.00,81,50.0
136778,PG0480,2017-02-22T09:26:00Z,2017-02-22T10:16:00Z,SU9,AAQ,EGO,Business,12,226800.00,12,50.0
136778,PG0480,2017-02-22T09:26:00Z,2017-02-22T10:16:00Z,SU9,AAQ,EGO,Economy,85,532200.00,84,50.0
136780,PG0480,2017-02-24T09:30:00Z,2017-02-24T10:20:00Z,SU9,AAQ,EGO,Business,12,226800.00,12,50.0
136780,PG0480,2017-02-24T09:30:00Z,2017-02-24T10:20:00Z,SU9,AAQ,EGO,Economy,85,488100.00,77,50.0
136781,PG0480,2017-01-14T09:26:00Z,2017-01-14T10:16:00Z,SU9,AAQ,EGO,Business,12,226800.00,12,50.0
136781,PG0480,2017-01-14T09:26:00Z,2017-01-14T10:16:00Z,SU9,AAQ,EGO,Economy,85,538500.00,85,50.0
136785,PG0480,2016-12-29T09:28:00Z,2016-12-29T10:19:00Z,SU9,AAQ,EGO,Business,12,226800.00,12,51.0
136785,PG0480,2016-12-29T09:28:00Z,2016-12-29T10:19:00Z,SU9,AAQ,EGO,Economy,85,538500.00,85,51.0
136793,PG0480,2016-12-06T09:31:00Z,2016-12-06T10:21:00Z,SU9,AAQ,EGO,Business,12,226800.00,12,50.0
136793,PG0480,2016-12-06T09:31:00Z,2016-12-06T10:21:00Z,SU9,AAQ,EGO,Economy,85,538500.00,85,50.0
136800,PG0480,2016-12-09T09:27:00Z,2016-12-09T10:18:00Z,SU9,AAQ,EGO,Business,12,189000.00,10,51.0
136800,PG0480,2016-12-09T09:27:00Z,2016-12-09T10:18:00Z,SU9,AAQ,EGO,Economy,85,456000.00,72,51.0
136801,PG0480,2016-12-30T09:28:00Z,2016-12-30T10:18:00Z,SU9,AAQ,EGO,Business,12,226800.00,12,50.0
136801,PG0480,2016-12-30T09:28:00Z,2016-12-30T10:18:00Z,SU9,AAQ,EGO,Economy,85,538500.00,85,50.0
136802,PG0480,2017-02-26T09:32:00Z,2017-02-26T10:22:00Z,SU9,AAQ,EGO,Business,12,207900.00,11,50.0
136802,PG0480,2017-02-26T09:32:00Z,2017-02-26T10:22:00Z,SU9,AAQ,EGO,Economy,85,538500.00,85,50.0
136805,PG0480,2016-12-07T09:28:00Z,2016-12-07T10:18:00Z,SU9,AAQ,EGO,Business,12,207900.00,11,50.0
136805,PG0480,2016-12-07T09:28:00Z,2016-12-07T10:18:00Z,SU9,AAQ,EGO,Economy,85,538500.00,85,50.0
136807,PG0480,2017-02-23T09:28:00Z,2017-02-23T10:18:00Z,SU9,AAQ,EGO,Business,12,151200.00,8,50.0
136807,PG0480,2017-02-23T09:28:00Z,2017-02-23T10:18:00Z,SU9,AAQ,EGO,Economy,85,379800.00,60,50.0
136815,PG0480,2017-02-19T09:26:00Z,2017-02-19T10:17:00Z,SU9,AAQ,EGO,Business,12,226800.00,12,51.0
136815,PG0480,2017-02-19T09:26:00Z,2017-02-19T10:17:00Z,SU9,AAQ,EGO,Economy,85,538500.00,85,51.0
136819,PG0480,2017-01-04T09:29:00Z,2017-01-04T10:19:00Z,SU9,AAQ,EGO,Business,12,226800.00,12,50.0
136819,PG0480,2017-01-04T09:29:00Z,2017-01-04T10:19:00Z,SU9,AAQ,EGO,Economy,85,532200.00,84,50.0
136823,PG0480,2017-02-05T09:27:00Z,2017-02-05T10:18:00Z,SU9,AAQ,EGO,Business,12,189000.00,10,51.0
136823,PG0480,2017-02-05T09:27:00Z,2017-02-05T10:18:00Z,SU9,AAQ,EGO,Economy,85,431400.00,68,51.0
136827,PG0480,2017-02-18T09:26:00Z,2017-02-18T10:17:00Z,SU9,AAQ,EGO,Business,12,226800.00,12,51.0
136827,PG0480,2017-02-18T09:26:00Z,2017-02-18T10:17:00Z,SU9,AAQ,EGO,Economy,85,538500.00,85,51.0
136838,PG0480,2017-01-24T09:30:00Z,2017-01-24T10:21:00Z,SU9,AAQ,EGO,Business,12,189000.00,10,51.0
136838,PG0480,2017-01-24T09:30:00Z,2017-01-24T10:21:00Z,SU9,AAQ,EGO,Economy,85,481200.00,76,51.0
136841,PG0480,2017-02-07T09:25:00Z,2017-02-07T10:16:00Z,SU9,AAQ,EGO,Business,12,226800.00,12,51.0
136841,PG0480,2017-02-07T09:25:00Z,2017-02-07T10:16:00Z,SU9,AAQ,EGO,Economy,85,538500.00,85,51.0
136843,PG0480,2016-12-04T09:30:00Z,2016-12-04T10:20:00Z,SU9,AAQ,EGO,Business,12,207900.00,11,50.0
136843,PG0480,2016-12-04T09:30:00Z,2016-12-04T10:20:00Z,SU9,AAQ,EGO,Economy,85,424500.00,67,50.0
136844,PG0480,2017-02-28T09:26:00Z,2017-02-28T10:16:00Z,SU9,AAQ,EGO,Business,12,113400.00,6,50.0
136844,PG0480,2017-02-28T09:26:00Z,2017-02-28T10:16:00Z,SU9,AAQ,EGO,Economy,85,461700.00,73,50.0
136855,PG0480,2017-01-11T12:07:00Z,2017-01-11T12:57:00Z,SU9,AAQ,EGO,Business,12,226800.00,12,50.0
136855,PG0480,2017-01-11T12:07:00Z,2017-01-11T12:57:00Z,SU9,AAQ,EGO,Economy,85,475500.00,75,50.0
136857,PG0480,2017-02-13T09:31:00Z,2017-02-13T10:21:00Z,SU9,AAQ,EGO,Business,12,226800.00,12,50.0
136857,PG0480,2017-02-13T09:31:00Z,2017-02-13T10:21:00Z,SU9,AAQ,EGO,Economy,85,538500.00,85,50.0
136861,PG0480,2017-02-12T09:28:00Z,2017-02-12T10:17:00Z,SU9,AAQ,EGO,Business,12,207900.00,11,49.0
136861,PG0480,2017-02-12T09:28:00Z,2017-02-12T10:17:00Z,SU9,AAQ,EGO,Economy,85,481200.00,76,49.0
136865,PG0480,2016-12-11T09:29:00Z,2016-12-11T10:19:00Z,SU9,AAQ,EGO,Business,12,207900.00,11,50.0
136865,PG0480,2016-12-11T09:29:00Z,2016-12-11T10:19:00Z,SU9,AAQ,EGO,Economy,85,487500.00,77,50.0
136866,PG0480,2016-12-28T09:28:00Z,2016-12-28T10:18:00Z,SU9,AAQ,EGO,Business,12,207900.00,11,50.0
136866,PG0480,2016-12-28T09:28:00Z,2016-12-28T10:18:00Z,SU9,AAQ,EGO,Economy,85,525900.00,83,50.0
136869,PG0480,2017-01-31T09:26:00Z,2017-01-31T10:16:00Z,SU9,AAQ,EGO,Business,12,226800.00,12,50.0
136869,PG0480,2017-01-31T09:26:00Z,2017-01-31T10:16:00Z,SU9,AAQ,EGO,Economy,85,538500.00,85,50.0
136871,PG0480,2017-01-13T09:28:00Z,2017-01-13T10:18:00Z,SU9,AAQ,EGO,Business,12,226800.00,12,50.0
136871,PG0480,2017-01-13T09:28:00Z,2017-01-13T10:18:00Z,SU9,AAQ,EGO,Economy,85,538500.00,85,50.0
136872,PG0480,2016-12-14T09:26:00Z,2016-12-14T10:16:00Z,SU9,AAQ,EGO,Business,12,226800.00,12,50.0
136872,PG0480,2016-12-14T09:26:00Z,2016-12-14T10:16:00Z,SU9,AAQ,EGO,Economy,85,538500.00,85,50.0
136873,PG0480,2016-12-03T09:26:00Z,2016-12-03T10:17:00Z,SU9,AAQ,EGO,Business,12,226800.00,12,51.0
136873,PG0480,2016-12-03T09:26:00Z,2016-12-03T10:17:00Z,SU9,AAQ,EGO,Economy,85,532200.00,84,51.0
136875,PG0480,2017-02-16T09:29:00Z,2017-02-16T10:19:00Z,SU9,AAQ,EGO,Business,12,226800.00,12,50.0
136875,PG0480,2017-02-16T09:29:00Z,2017-02-16T10:19:00Z,SU9,AAQ,EGO,Economy,85,538500.00,85,50.0
136886,PG0480,2016-12-16T09:26:00Z,2016-12-16T10:16:00Z,SU9,AAQ,EGO,Business,12,226800.00,12,50.0
136886,PG0480,2016-12-16T09:26:00Z,2016-12-16T10:16:00Z,SU9,AAQ,EGO,Economy,85,494400.00,78,50.0
136887,PG0480,2017-01-20T09:30:00Z,2017-01-20T10:19:00Z,SU9,AAQ,EGO,Business,12,151200.00,8,49.0
136887,PG0480,2017-01-20T09:30:00Z,2017-01-20T10:19:00Z,SU9,AAQ,EGO,Economy,85,444000.00,70,49.0
136888,PG0480,2017-02-14T09:29:00Z,2017-02-14T10:19:00Z,SU9,AAQ,EGO,Business,12,189000.00,10,50.0
136888,PG0480,2017-02-14T09:29:00Z,2017-02-14T10:19:00Z,SU9,AAQ,EGO,Economy,85,437100.00,69,50.0
136900,PG0480,2017-02-01T09:30:00Z,2017-02-01T10:21:00Z,SU9,AAQ,EGO,Business,12,226800.00,12,51.0
136900,PG0480,2017-02-01T09:30:00Z,2017-02-01T10:21:00Z,SU9,AAQ,EGO,Economy,85,538500.00,85,51.0
136907,PG0480,2017-01-16T09:31:00Z,2017-01-16T10:22:00Z,SU9,AAQ,EGO,Business,12,226800.00,12,51.0
136907,PG0480,2017-01-16T09:31:00Z,2017-01-16T10:22:00Z,SU9,AAQ,EGO,Economy,85,532200.00,84,51.0
136911,PG0480,2016-12-12T13:05:00Z,2016-12-12T13:55:00Z,SU9,AAQ,EGO,Business,12,189000.00,10,50.0
136911,PG0480,2016-12-12T13:05:00Z,2016-12-12T13:55:00Z,SU9,AAQ,EGO,Economy,85,487500.00,77,50.0
136913,PG0480,2016-12-10T09:30:00Z,2016-12-10T10:19:00Z,SU9,AAQ,EGO,Business,12,189000.00,10,49.0
136913,PG0480,2016-12-10T09:30:00Z,2016-12-10T10:19:00Z,SU9,AAQ,EGO,Economy,85,506400.00,80,49.0
136922,PG0480,2017-02-11T09:27:00Z,2017-02-11T10:17:00Z,SU9,AAQ,EGO,Business,12,189000.00,10,50.0
136922,PG0480,2017-02-11T09:27:00Z,2017-02-11T10:17:00Z,SU9,AAQ,EGO,Economy,85,418800.00,66,50.0
136927,PG0480,2017-01-22T09:28:00Z,2017-01-22T10:19:00Z,SU9,AAQ,EGO,Business,12,226800.00,12,51.0
136927,PG0480,2017-01-22T09:28:00Z,2017-01-22T10:19:00Z,SU9,AAQ,EGO,Economy,85,538500.00,85,51.0
136929,PG0480,2016-12-31T09:25:00Z,2016-12-31T10:15:00Z,SU9,AAQ,EGO,Business,12,170100.00,9,50.0
136929,PG0480,2016-12-31T09:25:00Z,2016-12-31T10:15:00Z,SU9,AAQ,EGO,Economy,85,461700.00,73,50.0
136936,PG0480,2017-01-02T09:28:00Z,2017-01-02T10:18:00Z,SU9,AAQ,EGO,Business,12,170100.00,9,50.0
136936,PG0480,2017-01-02T09:28:00Z,2017-01-02T10:18:00Z,SU9,AAQ,EGO,Economy,85,462300.00,73,50.0
136937,PG0480,2017-01-03T09:29:00Z,2017-01-03T10:19:00Z,SU9,AAQ,EGO,Business,12,170100.00,9,50.0
136937,PG0480,2017-01-03T09:29:00Z,2017-01-03T10:19:00Z,SU9,AAQ,EGO,Economy,85,456000.00,72,50.0
136943,PG0480,2016-12-05T09:28:00Z,2016-12-05T10:18:00Z,SU9,AAQ,EGO,Business,12,207900.00,11,50.0
136943,PG0480,2016-12-05T09:28:00Z,2016-12-05T10:18:00Z,SU9,AAQ,EGO,Economy,85,525900.00,83,50.0
136951,PG0480,2017-02-02T09:28:00Z,2017-02-02T10:17:00Z,SU9,AAQ,EGO,Business,12,226800.00,12,49.0
136951,PG0480,2017-02-02T09:28:00Z,2017-02-02T10:17:00Z,SU9,AAQ,EGO,Economy,85,493800.00,78,49.0
136953,PG0480,2017-02-27T09:27:00Z,2017-02-27T10:17:00Z,SU9,AAQ,EGO,Business,12,226800.00,12,50.0
136953,PG0480,2017-02-27T09:27:00Z,2017-02-27T10:17:00Z,SU9,AAQ,EGO,Economy,85,538500.00,85,50.0
136956,PG0480,2017-02-04T09:33:00Z,2017-02-04T10:23:00Z,SU9,AAQ,EGO,Business,12,207900.00,11,50.0
136956,PG0480,2017-02-04T09:33:00Z,2017-02-04T10:23:00Z,SU9,AAQ,EGO,Economy,85,538500.00,85,50.0
136961,PG0480,2016-12-21T09:27:00Z,2016-12-21T10:16:00Z,SU9,AAQ,EGO,Business,12,226800.00,12,49.0
136961,PG0480,2016-12-21T09:27:00Z,2016-12-21T10:16:00Z,SU9,AAQ,EGO,Economy,85,532200.00,84,49.0
